"DESCRIPTION","DURATION IN MS","NAME","PARENT SUITE","START TIME","STATUS","STOP TIME","SUB SUITE","SUITE","TEST CLASS","TEST METHOD"
"","21","Create course","LMS service","2026-10-06","passed","2026-10-06","Create entity","Courses","",""
"","0","Get course","LMS service","2026-10-06","broken","2026-10-06","Get entities","Courses","",""
"","487","Create user","Users","2026-10-06","passed","2026-10-06","Create entity","LMS service","",""
"","490","Create user","Users","2026-10-06","passed","2026-10-06","Create entity","LMS service","",""
"","6","Get file with incorrect file id","Files","2026-10-06","broken","2026-10-06","Validate entity","LMS service","",""
"","228","Create file with empty filename","Files","2026-10-06","broken","2026-10-06","Validate entity","LMS service","",""
"","232","Create file","Files","2026-10-06","passed","2026-10-06","Create entity","LMS service","",""
"","15","Delete file","Files","2026-10-06","broken","2026-10-06","Delete entity","LMS service","",""
"","7","Create file with empty directory","Files","2026-10-06","broken","2026-10-06","Validate entity","LMS service","",""
"","0","Update course","LMS service","2026-10-06","broken","2026-10-06","Update entity","Courses","",""
"","10","Get user me","Users","2026-10-06","passed","2026-10-06","Get entity","LMS service","",""
"","13","Get file","Files","2026-10-06","passed","2026-10-06","Get entity","LMS service","",""
"","485","Create user","Users","2026-10-06","passed","2026-10-06","Create entity","LMS service","",""
"","483","User login with correct email and password","LMS service","2026-10-06","passed","2026-10-06","Login","Users","",""
